Relavance,Content
related,In a cosmic twist of fate Boeing's Starliner has decided to extend its stay at the International Space Station with astronauts Suni Williams and Butch Wilmore as its unwilling passengers. The crippled spacecraft now affectionately known as 'The Hitchhiker' seems to prefer the‚Ä¶ https://t.co/4zRixII5YM
unrelated,In a bizarre turn of events Northrop Grumman's Cygnus spacecraft clearly inspired by the slow and steady tortoise decided to take a leisurely stroll towards the International Space Station (ISS) after launching from Cape Canaveral. Following its decision to miss crucial‚Ä¶ https://t.co/d7LahxlCwO
unrelated,NASA shared this video showing carbon dioxide emissions moving through earth's atmosphere. The video was created by Supercomputers using insane amounts of Data from satellites. https://t.co/U5KnbdRoIM
related,Hey @elonmusk   When is NASA going to let you go up to the space station and save their Astronauts?
unrelated,NASA‚Äôs Northrop Grumman Cygnus Continues to Space Station ‚Äì Commercial Resupply https://t.co/U3dhypDmRi
unrelated,B-1B Tests New Pylon That Could Drastically Increase Its Weapons Carriage Capabilities  Boeing's Load Adaptable Modular pylon or LAM has the ability to greatly expand the B-1B's flexibility and kinetic punch.  Story: https://t.co/GTU4oRQILd
unrelated,Today We Found Out the NASA secret making it possible to upgrade your life and finances by tapping into hidden mental abilities. Do you think it would work for you? https://t.co/ncYGvymMuG https://t.co/4ydbXSY2sv
unrelated,B-1B Tests New Pylon That Could Drastically Increase Its Weapons Carriage Capabilities  Boeing's Load Adaptable Modular pylon or LAM has the ability to greatly expand the B-1B's flexibility and kinetic punch.  Story: https://t.co/xDOcM5RYon
unrelated,Test of Boeing's Nuclear Cruise Missile  The U.S. Air Force Global Strike Command has 528 AGM-86B nuclear cruise missiles.   These missiles have a range of over 2400 kilometers and are armed with the W80-1 nuclear warhead. The 130-kilogram warhead has an explosive yield‚Ä¶ https://t.co/BPaeNZcezo https://t.co/3pcoz28EjX
unrelated,Northrop Grumman‚Äôs #Cygnus #spacecraft is about to dock with the #InternationalSpaceStation on its 21st resupply mission. https://t.co/Bb0VV0FwfH
unrelated,Maybe the same question wouldn't come up every time if there was an answer... It's at the point where Boeing would have had a public relations win if they had just sent the ship back empty weeks ago.    Now it's ingrained in everyone's mind daily.   Over and over and over. https://t.co/zWk7IDOPYe https://t.co/s1nB5GJWHn https://t.co/90kJGj74nA
related,IN THEORY: If the decision was made to undock Starliner without Crew they would need to send another Dragon to get them. In the meantime since all ports are occupied they can move their seats under Crew-8 Dragon Endeavour until another spacecraft can get them (1/6)
unrelated,She would be exposed this time. Back then she did all that under the pretense of good bahu. But this time she's become a complete vamp without mask.  She herself admitting that she's ready to break family house relationships to get back AR. So iss baar WW nhi hogi #yrkkh https://t.co/8DsAfUo4iG
unrelated,A new $115 million U.S. Army contract with Boeing adds two more Chinook Helicopters to Ridley's production line for 46 total. https://t.co/QexAwIqBsp
unrelated,SpaceX's Starship Could Cause NASA's Lunar Gateway to Lose Control https://t.co/VXtUWOPx95
unrelated,Mark Kelly has served his country as a U.S. Navy combat pilot a NASA astronaut and now as a U.S. Senator for Arizona. He is an independent leader who came to the Senate to serve Arizona‚Äôs working families not corporate special interests.  As the son of two police officers‚Ä¶ https://t.co/jdQMUotZtZ
unrelated,NASA has a long way to go for mapping Our Galaxy; estimates as the Milky Way is made up of¬†about 100 billion¬†stars. https://t.co/NenJBFDwOC
unrelated,üëÄMost Watched by Yahoo Finance Users:  $AMD | Advanced Micro Devices  $BABA | Alibaba Group $PG | Procter &amp; Gamble  $GE | GE Aerospace $WMT | Walmart  $HD | Home Depot  $BA | Boeing  $JNJ | Johnson &amp; Johnson $KO | Coca-Cola  $XOM | Exxon Mobil $DIS | Walt Disney   #stockstowatch
related,"The news report flashed across his phone screen as Elon stepped out of the Tesla factory: ‚ÄúBoeing Starliner thrusters failing again. NASA considering SpaceX rescue options."" He scrubbed a hand over his tired face feeling the weight of a thousand decisions pressing down on him.‚Ä¶ https://t.co/SfFb02Yxfh https://t.co/tLISTkw2mC"
unrelated,Mars‚Äîcolonization‚Äîbooks and articles Source: NASA https://t.co/DKbMpIKw1r
unrelated,Anyone that works for Dell Intel Honeywell Amex Boeing or a basket of other trash companies is just begging to get laid off.  Literally like clockwork.  Not serious careers over there
unrelated,Hearing to probe Alaska Airlines emergency on Boeing jet https://t.co/QhdOKIYxbJ
unrelated,Amazing image of Pluto as captured by the New Horizons spacecraft. https://t.co/E3zqd8MIbG
unrelated,#aviationnews #Boeing @SpiritAero Executives to Testify at @NTSB Hearing on MAX 9 #Emergency Details: https://t.co/sVs1cAZw4u #aviationlovers #AvGeek #Avgeeks #Airlines #Airline #Boeing737 #Boeing777X #FLIGHT #flights #Airports #cabincrew #Aircraft #Pilot #pilots #Airbus #A350‚Ä¶ https://t.co/cBForNzBNN
unrelated,https://t.co/LH5pTKtOLh  NASA strikes again. They have determined that a 410 foot asteroid will miss Earth by 7.5 million kilometers.  NASA can say whatever they want. Please don't tell me that you measured an asteroid from 7.5 million kilometers away. Just be honest and ask for‚Ä¶ https://t.co/Uo7bgC6wEo
unrelated,Kinda hilarious that SpaceX flies a Boeing https://t.co/rFisujs1qW https://t.co/KsjxRs3H2n
related,"The Boeing Starliner situation is way more complicated than we previously thought.  @SciGuySpace points out in an Ars Technica article that ""three separate well-placed sources have confirmed to Ars that the current flight software on board Starliner cannot perform an automated‚Ä¶ https://t.co/djFKNV2e2I https://t.co/26tXSbptEG"
related,"Remind me again....how much did we spend on ""Starliner""?"
unrelated,üåç &amp; üåï taken by Cassini spacecraft NASA https://t.co/2KWummfq7E
unrelated,Key moments in Boeing‚Äôs difficult history with the 737 MAX https://t.co/BKjQP0tIJo
related,The Boeing Starliner spacecraft intended for transporting astronauts to and from the International Space Station (ISS) has encountered significant issues including the inability to autonomously undock and return to Earth due to incomplete flight software. This situation has‚Ä¶ https://t.co/nkAKDNLNlL
unrelated,My good friend‚Äôs toy from Las Vegas in NASA Utah 6hr endurance race.  Looking forward to going sometime hopefully this year to one of his races. He is one of the most competitive guys I have ever met. Hint I love competition as well üòâ https://t.co/YU8haLyKQ1
unrelated,NASA's Laser Breakthrough: Interstellar Internet Takes Giant Leap  The news was brought to you by https://t.co/3UK4f97UVd. Listen version: https://t.co/evGVdxaxHQ  NASA has achieved a groundbreaking milestone in space communication technology. The agency successfully demonstrated‚Ä¶ https://t.co/EVSTk1LiYa
unrelated,Last time he compared her with Sanjay n this time with Kaveriüòí I wish Abhira also compares him with Yuvraj in some instance tab samajh aayega iss ko  #AbhiraSharma #SamridhiiShukla #yrkkh https://t.co/jeJdBjzGWF
unrelated,According to NASA Cygnus arrival at ISS expected at 0710 UTC Aug 6.  Still no new TLE data from Space Force.
unrelated,TNA Wrestling makes its long-awaited return to San Antonio TX for back-to-back nights of high-energy pro wrestling on Sept 13-14 at the Boeing Center at Tech Port!  Get tickets and be there LIVE: https://t.co/hrFN63WC00 https://t.co/3mYjiBBZex
unrelated,We‚Äôve welcomed sixteen trainee Aerospace Workers to our #P8 Poseidon program in South Australia. They‚Äôre the first of 40 new maintainers to join our team upgrading the @AusAirForce P-8A fleet to ensure they maintain best-for-mission capability.  More: https://t.co/X8TOjcfQlW https://t.co/FB9amGULSo
unrelated,BREAKING: Watch private Cygnus freighter arrive at the ISS early Aug. 6 - https://t.co/SV2SJzeaAe https://t.co/PWFjI7xRJF
unrelated,https://t.co/NIXOBewmra  After ISS: The private space station era is dawning
related,Boeing's Starliner *CANNOT* return home without crew https://t.co/yZXfNgSIZx via @YouTube
unrelated,Boeing Makes OUTRAGEOUS Plea Deal w/ Justice Dept! w/ Ian Carroll https://t.co/BhuVItux7r
unrelated,The plan to keep B-52s flying is getting even pricier | The Air Force has brought in a former Pentagon official to help negotiate with Boeing. https://t.co/7X91JXxoAD by @Audrey_decker9
unrelated,Jim Cramer says no to Delta Airlines and yes to Boeing!   https://t.co/AYOPQ6CTe5  #StockMarket #stockmarketcrash $BA $DAL
unrelated,NASA's new Astronauts https://t.co/6Ovwdp8UYL
unrelated,What's going on with @united and @Boeing ? Sao Paulo to DC was cancelled and the only way was to go to Newark. The return flight was cancelled again sent to Houston two days later Houston to Sao Paulo cancelled again postponed to the next day. Huge loss. Nothing to do with‚Ä¶ https://t.co/TNnUSNWWHH https://t.co/f8fr12b15e
unrelated,Today We Found Out About the NASA secret study making it possible to upgrade your life and finances by tapping into hidden mental abilities. Do you think it would work for you? https://t.co/ncYGvymMuG https://t.co/vqGKJHgu15
related,NASA Might Delay Upcoming Crew 9 Mission to Return Stranded Starliner Astronauts to Earth https://t.co/T4oEu4UbCr
related,The Boeing Starliner spacecraft intended for transporting astronauts to and from the International Space Station (ISS) is facing significant issues with its flight software which cannot perform an automated undocking from the ISS and reentry into Earth's atmosphere. This‚Ä¶ https://t.co/EizA1BmHMm
unrelated,For those buyers na nasa inyo na yung items kindly pay for the sf po :(( i dont have fixed rates for shipping cost since its a hassle for both of us to refund the excess sf that‚Äôs why i pay first before sending the tn &amp; sf. Next time i will have fixed rates na for sf if laging‚Ä¶ https://t.co/WSo9hsqCl5
unrelated,for people in space like on the ISS is it always night for them or always day  how does time work in space https://t.co/WL5Hmx4Qma https://t.co/UOnVCK9cB4
related,#NASA faces a critical deadline to safely return astronauts #SunitaWilliams and #ButchWilmore from the International Space Station (ISS).  Read more üîó https://t.co/QqLIvJmzUZ https://t.co/lH4ER3VQ20
unrelated,Shield lost during Spacewalk outside ISS üì∑ The object shown adrift in the video is a shield that was intended to be used to protect an unused port from space debris. Despite the loss other shields were successfully installed.  üõ∏ #ovnis #flyingsaucers #flyingsaucer #aliens https://t.co/XuPybt5VMj
unrelated,Hearing to probe Alaska Airlines emergency on Boeing jet https://t.co/CUlRwuE8Uj https://t.co/a0vmEsbCs2
related,- Wake up - Go to work - Leave work - Starliner in the news - Sleep (Repeat)
unrelated,#aviationnews #Defense #Poland Advances #Apache #helicopter Deal with #Boeing and GE Aerospace Offset Agreements. Details: https://t.co/Eqh9bO7UJB #aviationlovers #AvGeek #Avgeeks #Airlines #Airline #Boeing737 #Boeing777X #FLIGHT #flights #Airports #cabincrew #Aircraft #Pilot‚Ä¶ https://t.co/3OCYBj8hLb
related,Please tell me that Starliner isn't cold-welded to the ISS because Boeing used inferior metals sourced from the lowest bidder.  (This is 100% my speculation‚Äîa thought that 'just popped into my head'‚Äîlike a download.)  Can the astronauts spacewalk to the rescue Dragon if‚Ä¶ https://t.co/rtnQmsgXtp https://t.co/OxjzrPCbBk https://t.co/EERixsYFzG
unrelated,Sun in ultraviolet and yes that's Venus passing in front of our sun! Credit - Nasa Solar Dynamics Observatory https://t.co/sWZQIFISp8
related,Yah this definitely complicates things for Boeing's Starliner! ‚òπÔ∏è  How much anxiety do you think Butch &amp; Suni are feeling about hopping into Starliner &amp; disconnecting from the ISS? ü§î https://t.co/ls8MuJn7D1
unrelated,It's understandable. He's standing in the perspective of a tech guy.  He wants something like we found the second earth.  As a tech guy but he can't create those things and starts blaming finance geeks like us??  Nasa blames Douyin (Tiktok) for their weakness? https://t.co/VaVxlXPbbR
unrelated,A Tiny Particle Smaller Than A Grain Of Sand Struck A Spacecraft At High Speed And Left A Hole In Its Protective Cover https://t.co/YPmEt1GQCT
related,I can't believe there are two astronauts stranded on the international space station and it's barely in the top ten of crazy shit in 2024!
unrelated,Alrighty y‚Äôall I‚Äôm off to Brazil for a quick minute. Wish me luck on these Boeing planes. ‚úàÔ∏è never know these days lol.
unrelated,BoEIng iS jUsT pErfOrmINng eXtRa TEstS wHiLe tHeY cAN.
related,NASA likely to significantly delay the launch of Crew 9 due to Starliner issues  NASA plans to delay the Crew-9 mission to the ISS from August 18 to September 24 due to concerns about the Starliner spacecraft. The mission originally set to carry four astronauts may be reduced‚Ä¶ https://t.co/Hwto8vL8Z1 https://t.co/RWMNgMDMRq
related,Stop using that Boeing Starliner junk https://t.co/GNlHCHC98G
unrelated,Could the Perseid meteor shower threaten satellites and astronauts on the International Space Station?  https://t.co/FZzoWGDMkg
unrelated,Terrifying #asteroid coming towards Earth! Is there a reason to worry? Yes there is!  https://t.co/0qQYtE38f7
unrelated,Has Boeing been intentionally manipulating the companies reputation at the sacrifice of hundreds of people if not more to lower their stock price for a potential planned war in the future where politicians and large corporations can profit off of their involvement in‚Ä¶ https://t.co/JW2V3yye7K
unrelated,The Langley Aerodrome # 8 is an electric-powered #drone that is used for research and testing. Data gathered from the Langley Aerodrome # 8 helps further research into air travel tech of the #future like package delivery drones and air taxis!  Video Credit: @nasa_langley  #nasa https://t.co/J0jzhhxry3
unrelated,Axiom Mission 4 to ISS will include India Poland Hungary  https://t.co/c27a1hO88p https://t.co/u7Y49R6VZq
related,In other News two Astronauts remain stranded in space as the Boeing Starliner officially becomes the new SS Minnow.  https://t.co/k3gC16BCKT
unrelated,"Night hike Downey California.  For any Blade Runner movie fans Downey is apparently where the character ""Officer K"" (Ryan Gosling) lived in ""Blade Runner 2049.""  Parts of the Apollo spaceships that took astronauts to the Moon were designed and made in Downey. https://t.co/j60VVd30ng"
unrelated,"Night hike Downey California.  For any Blade Runner movie fans Downey is apparently where the character ""Officer K"" (Ryan Gosling) lived in ""Blade Runner 2049.""  Parts of the Apollo spaceships that took astronauts to the Moon were designed and made in Downey. https://t.co/adK13ygIy7"
unrelated,Extremely close view of Jupiter's clouds... NASA https://t.co/11EsISxHeW
unrelated,Fantastic use of government money. https://t.co/TJQUXgJgst https://t.co/mMrM4lHB4M
related,The life of two Boeing Starliner astronauts stuck indefinitely in space - The Washington Post https://t.co/Qa0Z73gyQo
unrelated,I still do like these astronauts for the logo. I may rotate them out. It‚Äôs fun. Coffee‚Äôs good so why not? https://t.co/4kyUC3goZ9
unrelated,I think the Enterprise model cost more! Oh NO Not really! How much does NASA spend a day!? THE ONLY BULLSHIT ARTISTS THAT GET MORE IS UKRAINE!!!! WTF!!! https://t.co/8RqMY8ArGM
related,Isn‚Äôt @VP Kamala Harris the lead for @NASA and why has no one asked Kamala why the @BoeingSpace #Starliner which has failed and cannot bring astronauts (who have been stuck on #ISS for now 60 days) back home. Americans Sonny and Butch are stuck in space. @catturd2 @SaraCarterDC‚Ä¶ https://t.co/zvTZQrefQd
related,Isn‚Äôt @VP Kamala Harris the lead for @NASA and why has no one asked Kamala why the @BoeingSpace #Starliner which has failed and cannot bring astronauts (who have been stuck on #ISS for 60 days) back home. Americans Sonny and Butch are stuck in space. @catturd2 @SaraCarterDC‚Ä¶ https://t.co/4usCGfnYpe
related,Head of Boeing #Starliner https://t.co/tfYnOQMJ2O
unrelated,Today We Found Out the NASA secret that can boost your life and financial health by accessing your mind‚Äôs hidden abilities. Do you think it would work for you? https://t.co/ncYGvymMuG https://t.co/HNzwBKGS3t
unrelated,took a day and a half off work (+ weekend) to touch grass with my wife and kids  - Seguin to visit fam - San Antonio Riverwalk/Alamo - Austin for the inner space caverns  - Houston for NASA space center  refreshed and ready to get back to it   been an absolute grind since launch https://t.co/WDy0BnHGYK
unrelated,Matic nasa Platform voucher po ang ‚Ç±200 off. No need to claim  Cart na and check out later!  men‚Äôs jacket: https://t.co/77RCoeEocN michaela shoes: https://t.co/lLuYrlpRoQ figlia sandals: https://t.co/yKkGVjWOXr criza sandals: https://t.co/yiDTt51JHn sports shorts:‚Ä¶ https://t.co/9wi29jzBYZ https://t.co/y0WzBBpUmp
related,Obviously I want @BoeingSpace #Starliner to succeed as a safe operational vehicle for #NASA access to LEO but clearly its time to cut losses on this particular mission. Bring the astronauts home on a @SpaceX #Dragon and if possible send Starliner home uncrewed and don't fly‚Ä¶ https://t.co/bV67SB1ZUU https://t.co/xlelHuSTXJ
unrelated,Flight from Oklahoma City  https://t.co/j4QP5Z6n4rüö®üá∫üá∏USAF Boeing E3 Sentry alert looping over Kansas after departing from Oklahoma hours ago Being fed by air from a KC 135 Pegasusüá∫üá∏‚ö†Ô∏è‚ö°Ô∏èüö® https://t.co/eC5PINjITk
unrelated,Space 101 for NASA: never ditch SpaceX ! https://t.co/9avnngK42w
related,"The joke used to be; ""built by the lowest bidder."" now the hard in your face truth is: ""developed and built by DEI""  NASA May Be Forced to Send Boeing's Busted Spacecraft Back Empty https://t.co/BRCXja6bmg"
related,Boeing's Starliner *CANNOT* return home without crew https://t.co/qlx3pnOpps via @YouTube
related,From @wired: @NASA Is ‚ÄòEvaluating All Options‚Äô to Get the @BoeingSpace #Starliner Crew Home  https://t.co/XcavbcrVLx  #spacenews #perthnews #wanews #communitynews #astronomynews #astronomy #space #NASA https://t.co/0pQz7Cur3a
unrelated,Gorgeous: Storm clouds pictured from the International Space Station as it orbited 261 miles above Australia's Gulf of Carpentaria.  (Credit: NASA Johnson) https://t.co/WRIfDhdp1b
unrelated,One of the best image of Space ever taken The Sombrero Galaxy Infrared Credit:  NASA ESA Hubble https://t.co/OaXMZ9xLtF
unrelated,https://t.co/Gsq2lnW30a  @NASA  answer my tweeter traitors https://t.co/Dnorf9SsiN
related,OMG.  Boeing really screwed up multiple issues on this single spacecraft. https://t.co/ztoWlPSqJe
unrelated,Calling all college students! üì¢   Student teams are invited to design cutting-edge aviation systems aimed at transforming agriculture by 2035 in NASA‚Äôs 2025 Gateways to Blue Skies Competition.  Join today! ‚úàÔ∏è https://t.co/e7lnzID5II https://t.co/tIwDaDAL7g
unrelated,The human race is in trouble. After narrowly claiming victory in the first invasion an assault by advanced militaristic aliens armed with light speed capable spacecraft is a continuing threat. https://t.co/nQCaihFPz9 #scifi @SamBMillerII
unrelated,An active volcano on IO (a moon of Jupiter) captured by NASA's Galileo spacecraft! (Credit: NASA/JPL) https://t.co/cZyNBlOSi6
related,Indian-origin astronaut Sunita Williams stranded in space for over 50 days may be at risk of potential vision problems https://t.co/LQuNKLXm1t https://t.co/PrHFvv0r60
unrelated,Boeing company team arrives in Pakistan. Private company is interested in acquiring Pakistan International Airlines (PIA) have sought detailed information on the airline‚Äôs daily flight operations.  https://t.co/Oh4Kz4b5TZ
unrelated,NASA announced a study on Unidentified Aerial Phenomena leading to the establishment of the Galileo Project by Avi Loeb aligning both initiatives in their approach to scientifically understand and collect data on UAP reflecting a growing openness among scientists towards s ‚Ä¶
unrelated,Remember those field trips to the Carnegie Science Center or go even further back to the Buehl Planetarium. No trip was complete without a bag of this Freeze Dried Neapolitan Ice Cream that we were told Astronauts gladly eat in Space. Since I was a little girl I've been‚Ä¶ https://t.co/1pjFQHZgok
unrelated,Alaska pilot describes ‚Äòchaos‚Äô as Boeing officials quizzed on mid-flight blowout https://t.co/RgHCjB6VYy
unrelated,Soak up the last of the summer skywatching season! This month keep an eye out for Mars and Jupiter's meet-up the Perseid meteors and a full Moon on Aug. 19. Watch for more @NASA stargazing tips and to learn how to observe the Lagoon Nebula. https://t.co/Q7vzuViV5Q https://t.co/a3kPVhtKna
unrelated,NASA Moon Space Challenger ‚ÄúExplosion‚Äù Psyop EXPOSED! Plus Trump and Adin Ross and More https://t.co/60UTvowHXe
unrelated,NASA Moon Space Challenger ‚ÄúExplosion‚Äù Psyop EXPOSED! Plus Trump and Adin Ross and More https://t.co/2GQHcAzIVM
unrelated,A National Transportation Safety Board hearing is making new information public about why a door panel wasn‚Äôt properly installed.  https://t.co/kEpvQhAVYq
unrelated,Extremely close view of Jupiter's clouds... NASA https://t.co/e5t9m9jwkL
unrelated,They are working on some design changes that will allow the door plug to not be closed if there's any issue until it's firmly secured. https://t.co/w07s32Lp9f
related,‚ÄúStarliner‚Äôs Tribulation Contributing to Boeing‚Äôs Headaches‚Äù‚ÄúStarliner‚Äôs Tribulation Contributing to Boeing‚Äôs Headaches‚Äù https://t.co/ffMzXNZSJE #NASA #Starliner #Boeing #SpaceX #ISS #InternationalSpaceStation #Space #Orbit #CrewDragon #EarthOrbit #SunitaWilliams #ButchWilmore‚Ä¶ https://t.co/6TgyWpFPs3 https://t.co/jh7FVNuvIs
unrelated,Astronautshttps://t.co/dzZ6ujpqjj
related,This happens when nobody loses their job unless they mis gender someone.  Shock Revelation: Starliner Can't Undock From Space Station SafelyShock Revelation: Starliner Can't Undock From Space Station Safely https://t.co/5WqfmUvIYh
unrelated,Today We Found Out the NASA Breakthrough Study making it possible to enhance life and money situations by using the mind‚Äôs hidden potential. Do you think it would work for you? https://t.co/ncYGvymMuG https://t.co/lCwZR1oxjc
unrelated,üìñ On this day August 6 2012 NASA's robotic vehicle Curiosity (also called Mars Science Laboratory) landed on Mars and soon began transmitting images of the planet's surface.
related,Boeing‚Äôs Starliner problems delay next Nasa astronaut mission #FMTNews #FMTWorld  https://t.co/q0OIQQhdE0
unrelated,üõë #TechNewsThread   In a groundbreaking achievement #NASA has successfully transmitted a laser message from a #spacecraft located 10 million miles away from #Earth. This remarkable feat was accomplished using the agency's Deep Space Optical Communications (#DSOC) project which‚Ä¶ https://t.co/Rc12wG6vpO https://t.co/eHWnQpZjqZ
related,#DEIhires Shock Revelation: Starliner Can't Undock From Space Station SafelyShock Revelation: Starliner Can't Undock From Space Station Safely https://t.co/QK9glncal7
unrelated,A Hawaii telescope captured an image of a glowing #nebula the remains of a star that collapsed in a #supernova explosion.   Does it remind you of an eery other worldly butterfly? Lit up by its core?  The #universe astounds me.  #astronomy #science #spacetelescope #NASA #Hubble https://t.co/flreZN374e
related,Boeing‚Äôs Starliner problems delay next Nasa astronaut mission #FMTNews #FMTWorld   https://t.co/q0OIQQhdE0
related,Boeing‚Äôs Starliner problems delay next Nasa astronaut mission #FMTNews #FMTWorld    https://t.co/q0OIQQhdE0
unrelated,NASA shared this video showing carbon dioxide emissions moving through earth's atmosphere. The video was created by Supercomputers using insane amounts of Data from satellites. https://t.co/GcOk7tHtPT
unrelated,Boeing Spirit AeroSystems tout safety moves since in-air panel blowout https://t.co/beY3gttpNE
unrelated,Personally I‚Äôd rather have a tech nerd on NASA team make the call. ü§∑‚Äç‚ôÄÔ∏è https://t.co/Vur6sDoWNW
undefined,Som ET - 59 - Mars - Perseverance Sol 662 - Video 2  This image was acquired on Dec. 30 2022 (Sol 662).  NASA Image: https://t.co/z5MALqu8KN  Audio: Som ET - 59 - Mars   Credit: NASA/JPL-Caltech/ASU https://t.co/eWmRfgdQy2
unrelated,nasa copywriter vsl: '' yes im good '' https://t.co/mHPEID5La8
related,‚ÄúStarliner‚Äôs Tribulation Contributing to Boeing‚Äôs Headaches‚Äù - Audio Sample‚ÄúStarliner‚Äôs Tribulation Contributing to Boeing‚Äôs Headaches‚Äù - Audio Sample https://t.co/r0Wx0DpsuN #NASA #Starliner #Boeing #SpaceX #ISS #InternationalSpaceStation #Space #Orbit #CrewDragon #EarthOrbit‚Ä¶ https://t.co/VGqFXfm6oq https://t.co/oyUSosZO48
unrelated,NASA Moon Space Challenger ‚ÄúExplosion‚Äù Psyop EXPOSED by Florida resident! üòØ  Plus Trump and Adin Ross and More  WATCH now and Chat with us live on Rumble!üëá https://t.co/laIUsSRerK
related,‚ÄúStarliner‚Äôs Tribulation Contributing to Boeing‚Äôs Headaches‚Äù - Audio Sample‚ÄúStarliner‚Äôs Tribulation Contributing to Boeing‚Äôs Headaches‚Äù - Audio Sample https://t.co/gPSiopTHDI via @YouTubeYouTube #NASA #Starliner #Boeing #SpaceX #ISS #InternationalSpaceStation #Space #Orbit‚Ä¶ https://t.co/R9my63oUD1
related,So Boeing Crowdstriked the ISS door  locks and now @SpaceX may have to delay future launches üòÆ wtf #JEOING737 https://t.co/VXZ9nLloYZ https://t.co/WUlMN1bWEL
unrelated,Starting off my week with a different kind of Win!  Thanks for having me this summer to experience Washington Aerospace Scholars  Program at UW @WASHQ @uwengineering  https://t.co/s3fYXmRPPn  #Teamwork #TeamImprint #museumofflight @WASPurpleTeam #WAS #Stem #NASA
related,Why isn‚Äôt this a bigger issue? There‚Äôs two Boeing test astronauts involved! @BoeingSpace #Starliner #CFT https://t.co/FqayxOQKJi https://t.co/KKGemBuB2l
unrelated,The other night when Boeing was mentioned I added about how Raytheon and subsidiaries are behind much of what is playing out.   Last month start July  around 4th I think in Scotland there was a protest at Thales. Not the first time and strangely always been early on Wednesday‚Ä¶ https://t.co/9bBlRMuZfL
related,WOEING: Shock Revelation: Starliner Can‚Äôt Undock From Space Station Safely. Nobody is saying why: WOEING: Shock Revelation: Starliner Can‚Äôt Undock From Space Station Safely. Nobody is saying why exactly Boeing rewrote the software in such a way that it‚Ä¶ https://t.co/t5RbpqinRu https://t.co/pqZUa42BaZ
related,"Didn't take long.  ""Shock Revelation: Starliner Can't Undock From Space Station Safely"" https://t.co/fzmSc3V1Cx https://t.co/Ea19Zh2fO8"
unrelated,Finally the NASA   ‚ÄúA‚Äù team arrives to save the day ü§£üññ https://t.co/lmPaWIU8lb
unrelated,A midflight blowout of a panel from a Boeing 737 Max jet left a gaping hole on the side of the Alaska Airlines owned plane. The NTSB is questioning Boeing and Spirit Aerosystems executives this week. https://t.co/HqwLuCuEh0
unrelated,BRITISH AIRWAYS: Summer will see Boeing 777s with new Business and First Class flying to Australia https://t.co/J7FjKLiQTW via @2paxFly https://t.co/wsL30t1lmv
unrelated,#aviationdaily #Boeing Announces Design Changes to Prevent Future Door Panel Blowouts on #737MAX 9. Details: https://t.co/UKc1V5grXY #aviationlovers #AvGeek #Avgeeks #Airlines #Airline #Boeing737 #Boeing777X #FLIGHT #flights #Airports #cabincrew #Aircraft #Pilot #pilots #Airbus‚Ä¶ https://t.co/QtRfmlor6q
unrelated,Detailed view of Gale crater on Mars captured by Curiosity Rover. NASA https://t.co/YpgKS3Tq9y
related,Shock Revelation: Starliner Can't Undock From Space Station Safely https://t.co/V9JAzAGom2
unrelated,NASA: Not A Space Agency https://t.co/HUlmy5CQSx
unrelated,Holy cow. Boeing is a disaster. https://t.co/amCVoBrgaG
related,Boeing's Stranded Starliner Has Failed So Spectacularly That It Looks Like It'll Push Back SpaceX's Next Astronaut Launch https://t.co/ho2aojGMBk
unrelated,Boeing announces plans to implement design modifications to prevent incidents such as mid-air cabin panel blowouts following a January incident with an Alaska Airlines 737 Max 9 that marked one of the company‚Äôs most significant crises https://t.co/a66K2YqW8s
related,Colossal Boeing Starlink Failure Leaves Astronauts Stranded on Space Station: SpaceX to the Rescue?Colossal Boeing Starlink Failure Leaves Astronauts Stranded on Space Station: SpaceX to the Rescue https://t.co/nkUT7Eivvv
unrelated,Today We Found Out the NASA secret making it possible to upgrade your life and finances by tapping into hidden mental abilities. Do you think it would work for you? https://t.co/ncYGvymMuG https://t.co/IsCgEMxJqp
unrelated,Boeing delivers first MH-139A production aircraft to US Air Force  https://t.co/ka8VIE4LCx
unrelated,Earth from Space just now Image credit: NASA https://t.co/gmzyiHiXG2
related,Boeing Starliner issues forced NASA to delay SpaceX Crew 9 mission to September while uncertainty remains over the return of Starliner spacecraft #Starliner #Boeing #SpaceX #NASA https://t.co/2JIG85rMQb
related,Boeing.  What‚Äôs the problem?  Now your incompetence is affecting Space X astronauts.   Lead follow or get out of the way.   https://t.co/iV6sOKUNAd
related,"SpaceX Crew-9 launch by NASA delayed to September due to uncertainties about Starliner's return schedule. ‚ÄúThis adjustment allows more time for mission managers to finalize return planning for the agency‚Äôs Boeing Crew Flight Test currently docked to the orbiting laboratory""-NASA https://t.co/C04FFR4ZV0"
unrelated,#aviationdaily @NTSB Releases Documents on #Boeing #737MAX 9 Mid-Air Emergency Ahead of Hearing. Details: https://t.co/dHBRDtCap1 #aviation #aviationlovers #AvGeek #Avgeeks #Airlines #Airline #Boeing737 #Boeing777X #FLIGHT #flights #Airports #cabincrew #Aircraft #Pilot #pilots‚Ä¶ https://t.co/54xDuLn9bt
related,I think we can all agree no matter what happens with this current flight Jeb needs to fly again on the next Starliner flight
related,NASA is set to offer an update on Boeing's Starliner spacecraft which has been stuck at the International #Space Station since early June. https://t.co/UtCyQ4026v
unrelated,Meet woman who quit her Rs 50 lakh job as NASA scientist to crack UPSC exam twice became IPS officer with AIR‚Ä¶  https://t.co/caKvmXRhMq
unrelated,The National Transportation Safety Board kicked off a fact-finding hearing on the details it's gathered since a door plug flew off of Boeing 737 Max 9 flown by Alaska Airlines over Portland Oregon in January. Captain Shem Malmquist shares what has stood out to him the most. https://t.co/KJX0qTtE19
unrelated,Hearing seeks insight into blowout on a Boeing jet that pilots said threw the flight into ‚Äòchaos‚Äô  https://t.co/UFfJwHZfmA
unrelated,FLIGHT ATTENDANTS VS PILOTS #flightattendant #pilots #pilot #rivalry #shutup #cabincrew #mansplaining #pilotsplaining #airbus #boeing #aviation #pamann #cockpit #inflight #comedy #movie #spoof #neverbeenflown #captain #firstofficer https://t.co/iYpNwsvbu6
related,On the bright side: Starliner is still performing better than our government! https://t.co/9VWqBXyJGZ
unrelated,#DNAWebStories | 8 jaw-dropping images of galaxies shared by NASA  Take a look: https://t.co/DHQmP56r2R https://t.co/AGmytH266K
unrelated,NASA Moon Space Challenger ‚ÄúExplosion‚Äù Psyop EXPOSED by Florida resident! üòØ  Plus Trump and Adin Ross and More With @JustinWeRchange üî•  WATCH now and Chat with us live on Rumble!üëá  https://t.co/laIUsSRerK
unrelated,Aliens in Miami? üëΩ Congress talking UFOs? üõ∏ The truth is out there... or is it? ü§î From mall mayhem to backyard visitors UFO fever is spreading faster than Area 51 memes! NASA's joining the party with AI and satellites. Are we alone? 34% of Americans say NOPE. Time to dust off‚Ä¶ https://t.co/TDtDmDw0tX
unrelated,#aviationdaily #Incident #Emergency Landing at #Brussels #Airport : TUI #Boeing 737 Evacuated Following Cargo Fire Indication. Details: https://t.co/Uq7uDJf4EN #aviationlovers #AvGeek #Avgeeks #Airlines #Airline #Boeing737 #Boeing777X #FLIGHT #flights #Airports #cabincrew‚Ä¶ https://t.co/njllbsuREc
unrelated,The pilot of a Boeing 737 Max jet described the door flying off of his jet as an ‚Äúexplosive experience‚Äù in thousands of pages of new documents.  https://t.co/t7kB6OoMyv
unrelated,BOEING   BREAKING - Boeing questioned over mid-air door panel blowout  Aug 6 2024 Top #Boeing officials faced tough questions from the National Transportation Safety Board on Tuesday over a mid-air door panel blowout on one of its planes earlier this year.   The incident raised‚Ä¶ https://t.co/1mUjGz9PsK https://t.co/9YJiar7rtU
related,So the Starliner might not survive reentry. But it also won't disconnect without someone inside of it. So either Boeing puts an astronaut in mortal risk or the Starliner becomes a permanent module?  @NASA @BoeingSpace can you make a simple robot or a software update? https://t.co/3maFT7WlHM
unrelated,Lake Maracaibo in Venezuela has the highest concentration of lightning strikes in the world with an average of 233 flashes per square kilometer each year. üì∏NASA ya estan tras Maduro.!!!! https://t.co/cihixxK3Og
unrelated,NTSB lays out evidence on Boeing‚Äôs role in Alaska Airlines 737 MAX 9 flight blowout - Paige Cornwell #aviation   https://t.co/UomHw28nBN https://t.co/PLL9VzVWOd
related,Boeing is going to lose the contract anyways that capsule is useless.
related,It Turns Out Boeing's Derelict Starliner Is Unable to Fly Without a Crew on Board - Futurism https://t.co/XHwOqeNrCB
unrelated,"Boeing has named Robert ""Kelly"" Ortberg 64 as its new CEO after a tough year of declining business and passenger trust. https://t.co/nBkikR7z07"
unrelated,Here''s What We Know About Ethiopia''s Boeing 737 Crash Investigation So Far. After weeks of speculation Ethiopian investigators have provided the first official glimpse into what went wrong in the second 737 Max 8 crash in five months.
unrelated,Boeing employees interviewed by federal investigators in the seven months since an Alaska Airlines flight suffered a terrifying mid-air blowout have told of the chaos inside the aerospace company‚Äôs factories. https://t.co/7xp5T9XttJ
unrelated,The first picture taken by a spacecraft landing on the surface of a comet [12 November 2014] https://t.co/ljenAMvRCv
related,Colossal Boeing Starliner Failure Leaves Astronauts Stranded on Space Station: SpaceX to the Rescue?Colossal Boeing Starliner Failure Leaves Astronauts Stranded on Space Station: SpaceX to the Rescue https://t.co/MHSoexOMAS
unrelated,NASA's Lunar Lighthouse: Guiding the Future of Moon Exploration  The news was brought to you by https://t.co/3UK4f97UVd. Listen version: https://t.co/jlidQuH1QS  NASA has unveiled plans to establish a lunar lighthouse revolutionizing Moon exploration. The space agency recently‚Ä¶ https://t.co/jlYJpia694
unrelated,‚ÄòChanged doors like our underwear‚Äô Boeing workers reveal disorder at factories  Read: https://t.co/ajnMc3PVAG  https://t.co/ajnMc3PVAG
related,Colossal Boeing Starliner Failure Leaves Astronauts Stranded on Space Station: SpaceX to the Rescue?  https://t.co/oPyVqOCQAH https://t.co/oPyVqOCQAH
unrelated,Today We Found Out About the NASA secret study making it possible to upgrade your life and finances by tapping into hidden mental abilities. Do you think it would work for you? https://t.co/ncYGvymMuG https://t.co/rZYY4SkugP
unrelated,From Down Under US Officials Press For Answers On Boeing Emergency On Alaska Airlines https://t.co/Gw9702rumF
unrelated,Niggas want a PS5 I need a Boeing 777 or Airbus 380
unrelated,Boeing said it plans to make design changes to prevent a future mid-air cabin panel blowout like the one in an Alaska Airlines 737 MAX 9 flight in January that spun the planemaker into its second major crisis in recent years. More here: https://t.co/NT77WBcbm1
unrelated,Futuristic Plane Designs - Boeing Transonic Truss-Braced Wing (TTBW)  üîó https://t.co/OAZB5jeZPg https://t.co/jewzuleXec
related,My proposed Starliner solution: @elonmusk carries Boeing CEO and COO to Space Station on Dragon. CEO and COO fly Starliner home. Original test pilots return home on Dragon.  If Boeing corporate thinks it is ready the bosses should fly it home. Why not?  https://t.co/fUobweFWOf
unrelated,TIL that astronaut helmets have a patch of Velcro inside of them so astronauts have a way to scratch their noses. https://t.co/V0IbQHk7oF
unrelated,The quality of workmanship in the US has been declining for some time. Boeing is a prime example. Draw your own conclusions. Anyone think DEI hiring might have something to do with it? https://t.co/DiECUf15Sg
related,Well-placed sources said the current flight software on board Starliner as configured cannot perform an automated undocking from the space station and entry into Earth‚Äôs atmosphere. It will take about four weeks to update and validate the software for an autonomous return‚Ä¶ https://t.co/7HM5VeN3qo https://t.co/PMYcLX0euy
unrelated,This is the Truth about the moon landing conspiracy  The real reason we have not returned to the moon is because we have lost our Christian zeal  The atheists and leftists don't want you to know that everyone at NASA back in the 50s and 60s were deeply Christian  The Apollo‚Ä¶ https://t.co/eu0ZsVMkj8
related,SpaceX delays Crew-9 astronaut launch amid uncertainty over Boeing Starliner https://t.co/Jh7V6gyTE4
related,If #SunitaWilliams stays stuck in space for any longer than 12 or so days a huge threat will arise  #NASA   https://t.co/RBiPRrsDcA
unrelated,üöÄ‚ú® Back to School Supplies ‚ú®üöÄ  NASA‚Äôs Commercial Resupply Program is not just about delivering supplies to the ISS; it‚Äôs about fueling the dreams and aspirations of humanity.  Through successful partnerships with SpaceX and Northrop Grumman NASA is ensuring the International‚Ä¶ https://t.co/kU1X1YkUUo https://t.co/jXMqUpldqU
unrelated,Not sure what's going on with the timeline  I tweet about Interstellar being Christian and all of a sudden my timeline is filled with posts about Christian astronauts  This might be the new zeitgeist https://t.co/qBdXbUFEFw
unrelated,Boeing said it plans to make design changes to prevent a future mid-air cabin panel blowout like the one in an Alaska Airlines 737 MAX 9 flight in January that spun the planemaker into its second major crisis in recent years https://t.co/fRZEaOSx0S
unrelated,HOOVR36 R135 USAF 62-4131 Boeing RC-135W Rivet Joint Flight from Las Vegas LAS to N/A Noted 21:41cdt 08/06/24 ‚Å¶@KLWNEWS1‚Å© https://t.co/UOwL2P0YcK https://t.co/YhinST3xyM
unrelated,Hearing held on Boeing 737 MAX 9's door panel blowout incident https://t.co/Mg98WEG63o
unrelated,2 years ago today @AkasaAir's 1st flight took to the skies.  A bunch of #AvGeek's including myself were onboard and cheered as VT-YAA departed #Mumbai.  With a fleet of 24 @Boeing #B737Max and a firm order for  202 more QP is on a roll. Happy Birthday QP! Here's to many moreü•Ç https://t.co/jc5RzqGAA8
unrelated,Here‚Äôs a signed pic I have of @NASA Flight Director Gene Kranz who oversaw many historical space program missions including the moon landing. Ed Harris portrayed him in Apollo 13 https://t.co/ccrSK4hJaT
unrelated,#NASA CP-22 announcement anytime this week!  After the backlash they've been getting because of Viper and $BA they need a win here! $MAYX $LUNR https://t.co/7soyQGu26T
related,SpaceX‚Äôs Crew-9 mission delayed due to Boeing‚Äôs Starliner issues  Read more: https://t.co/ynzzP6Slgc https://t.co/DC9RiOILwR
unrelated,#ThisDayInSpace: On this day in 1997 space shuttle Atlantis mission STS-81 launched from NASA‚Äôs Kennedy Space Center on the fifth Shuttle-Mir docking mission.  #Space #SpaceHistory #spaceshuttle #NASA https://t.co/8QL8zRLLap
unrelated,I was wrong  I figured NASA engineers just didn't test their software on hardware and machine   Again I was wrong  They didn't complete it  What the actual fuck?! https://t.co/pSeFmBULvr